P1,Passenger1,F1,1A,Economy,Booked,G1-CNT1|G1-CNT2|G1-CNT3
P2,Passenger2,F1,2A,Economy,Booked,G1-CNT1|G1-CNT2|G1-CNT3
P3,Passenger3,F1,3A,Economy,Booked,G1-CNT1|G1-CNT2|G1-CNT3
P4,Passenger4,F1,4A,Economy,Booked,G1-CNT1|G1-CNT2|G1-CNT3
P5,Passenger5,F1,5A,Economy,Booked,G1-CNT1|G1-CNT2|G1-CNT3
P6,Passenger6,F1,6A,Economy,Booked,G1-CNT1|G1-CNT2|G1-CNT3
P7,Passenger7,F1,7A,Economy,Booked,G1-CNT1|G1-CNT2|G1-CNT3
P8,Passenger8,F1,8A,Economy,Booked,G1-CNT1|G1-CNT2|G1-CNT3
P9,Passenger9,F1,9A,Economy,Booked,G1-CNT1|G1-CNT2|G1-CNT3
P10,Passenger10,F1,10A,Economy,Booked,G1-CNT1|G1-CNT2|G1-CNT3
P11,Passenger11,F1,11A,Economy,Booked,G1-CNT1|G1-CNT2|G1-CNT3
P12,Passenger12,F1,12A,Economy,Booked,G1-CNT1|G1-CNT2|G1-CNT3
P13,Passenger13,F1,13A,Economy,Booked,G1-CNT1|G1-CNT2|G1-CNT3
P14,Passenger14,F1,14A,Economy,Booked,G1-CNT1|G1-CNT2|G1-CNT3
P15,Passenger15,F1,15A,Economy,Booked,G1-CNT1|G1-CNT2|G1-CNT3
P16,Passenger16,F1,16A,Economy,Booked,G1-CNT1|G1-CNT2|G1-CNT3
P17,Passenger17,F1,17A,Economy,Booked,G1-CNT1|G1-CNT2|G1-CNT3
P18,Passenger18,F1,18A,Economy,Booked,G1-CNT1|G1-CNT2|G1-CNT3
P19,Passenger19,F1,19A,Economy,Booked,G1-CNT1|G1-CNT2|G1-CNT3
P20,Passenger20,F1,20A,Economy,Booked,G1-CNT1|G1-CNT2|G1-CNT3
P21,Passenger21,F1,21A,Economy,Booked,G1-CNT1|G1-CNT2|G1-CNT3
P22,Passenger22,F1,22A,Economy,Booked,G1-CNT1|G1-CNT2|G1-CNT3
P23,Passenger23,F1,23A,Economy,Booked,G1-CNT1|G1-CNT2|G1-CNT3
P24,Passenger24,F1,24A,Economy,Booked,G1-CNT1|G1-CNT2|G1-CNT3
P25,Passenger25,F1,25A,Economy,Booked,G1-CNT1|G1-CNT2|G1-CNT3
P26,Passenger26,F1,26A,Economy,Booked,G1-CNT1|G1-CNT2|G1-CNT3
P27,Passenger27,F1,27A,Economy,Booked,G1-CNT1|G1-CNT2|G1-CNT3
P28,Passenger28,F1,28A,Economy,Booked,G1-CNT1|G1-CNT2|G1-CNT3
P29,Passenger29,F1,29A,Economy,Booked,G1-CNT1|G1-CNT2|G1-CNT3
P30,Passenger30,F1,30A,Economy,Booked,G1-CNT1|G1-CNT2|G1-CNT3
P31,Passenger31,F1,31A,Economy,Booked,G1-CNT1|G1-CNT2|G1-CNT3
P32,Passenger32,F1,32A,Economy,Booked,G1-CNT1|G1-CNT2|G1-CNT3
P33,Passenger33,F1,33A,Economy,Booked,G1-CNT1|G1-CNT2|G1-CNT3
P34,Passenger34,F1,34A,Economy,Booked,G1-CNT1|G1-CNT2|G1-CNT3
P35,Passenger35,F1,35A,Economy,Booked,G1-CNT1|G1-CNT2|G1-CNT3
P36,Passenger36,F1,36A,Economy,Booked,G1-CNT1|G1-CNT2|G1-CNT3
P37,Passenger37,F1,37A,Economy,Booked,G1-CNT1|G1-CNT2|G1-CNT3
P38,Passenger38,F1,38A,Economy,Booked,G1-CNT1|G1-CNT2|G1-CNT3
P39,Passenger39,F1,39A,Economy,Booked,G1-CNT1|G1-CNT2|G1-CNT3
P40,Passenger40,F1,40A,Economy,Booked,G1-CNT1|G1-CNT2|G1-CNT3
P41,Passenger41,F1,41A,Economy,Booked,G1-CNT1|G1-CNT2|G1-CNT3
P42,Passenger42,F1,42A,Economy,Booked,G1-CNT1|G1-CNT2|G1-CNT3
P43,Passenger43,F1,43A,Economy,Booked,G1-CNT1|G1-CNT2|G1-CNT3
P44,Passenger44,F1,44A,Economy,Booked,G1-CNT1|G1-CNT2|G1-CNT3
P45,Passenger45,F1,45A,Economy,Booked,G1-CNT1|G1-CNT2|G1-CNT3
P46,Passenger46,F1,46A,Economy,Booked,G1-CNT1|G1-CNT2|G1-CNT3
P47,Passenger47,F1,47A,Economy,Booked,G1-CNT1|G1-CNT2|G1-CNT3
P48,Passenger48,F1,48A,Economy,Booked,G1-CNT1|G1-CNT2|G1-CNT3
P49,Passenger49,F1,49A,Economy,Booked,G1-CNT1|G1-CNT2|G1-CNT3
P50,Passenger50,F1,50A,Economy,Booked,G1-CNT1|G1-CNT2|G1-CNT3
P51,Passenger51,F1,51A,Economy,Booked,G1-CNT1|G1-CNT2|G1-CNT3
P52,Passenger52,F1,52A,Economy,Booked,G1-CNT1|G1-CNT2|G1-CNT3
P53,Passenger53,F1,53A,Economy,Booked,G1-CNT1|G1-CNT2|G1-CNT3
P54,Passenger54,F1,54A,Economy,Booked,G1-CNT1|G1-CNT2|G1-CNT3
P55,Passenger55,F1,55A,Economy,Booked,G1-CNT1|G1-CNT2|G1-CNT3
P56,Passenger56,F1,56A,Economy,Booked,G1-CNT1|G1-CNT2|G1-CNT3
P57,Passenger57,F1,57A,Economy,Booked,G1-CNT1|G1-CNT2|G1-CNT3
P58,Passenger58,F1,58A,Economy,Booked,G1-CNT1|G1-CNT2|G1-CNT3
P59,Passenger59,F1,59A,Economy,Booked,G1-CNT1|G1-CNT2|G1-CNT3
P60,Passenger60,F1,60A,Economy,Booked,G1-CNT1|G1-CNT2|G1-CNT3
P61,Passenger61,F1,61A,Economy,Booked,G1-CNT1|G1-CNT2|G1-CNT3
P62,Passenger62,F1,62A,Economy,Booked,G1-CNT1|G1-CNT2|G1-CNT3
P63,Passenger63,F1,63A,Economy,Booked,G1-CNT1|G1-CNT2|G1-CNT3
P64,Passenger64,F1,64A,Economy,Booked,G1-CNT1|G1-CNT2|G1-CNT3
P65,Passenger65,F1,65A,Economy,Booked,G1-CNT1|G1-CNT2|G1-CNT3
P66,Passenger66,F1,66A,Economy,Booked,G1-CNT1|G1-CNT2|G1-CNT3
P67,Passenger67,F1,67A,Economy,Booked,G1-CNT1|G1-CNT2|G1-CNT3
P68,Passenger68,F1,68A,Economy,Booked,G1-CNT1|G1-CNT2|G1-CNT3
P69,Passenger69,F1,69A,Economy,Booked,G1-CNT1|G1-CNT2|G1-CNT3
P70,Passenger70,F1,70A,Economy,Booked,G1-CNT1|G1-CNT2|G1-CNT3
P71,Passenger71,F1,71A,Economy,Booked,G1-CNT1|G1-CNT2|G1-CNT3
P72,Passenger72,F1,72A,Economy,Booked,G1-CNT1|G1-CNT2|G1-CNT3
P73,Passenger73,F1,73A,Economy,Booked,G1-CNT1|G1-CNT2|G1-CNT3
P74,Passenger74,F1,74A,Economy,Booked,G1-CNT1|G1-CNT2|G1-CNT3
P75,Passenger75,F1,75A,Economy,Booked,G1-CNT1|G1-CNT2|G1-CNT3
P76,Passenger76,F1,76A,Economy,Booked,G1-CNT1|G1-CNT2|G1-CNT3
P77,Passenger77,F1,77A,Economy,Booked,G1-CNT1|G1-CNT2|G1-CNT3
P78,Passenger78,F1,78A,Economy,Booked,G1-CNT1|G1-CNT2|G1-CNT3
P79,Passenger79,F1,79A,Economy,Booked,G1-CNT1|G1-CNT2|G1-CNT3
P80,Passenger80,F1,80A,Economy,Booked,G1-CNT1|G1-CNT2|G1-CNT3
P81,Passenger81,F1,81A,Economy,Booked,G1-CNT1|G1-CNT2|G1-CNT3
P82,Passenger82,F1,82A,Economy,Booked,G1-CNT1|G1-CNT2|G1-CNT3
P83,Passenger83,F1,83A,Economy,Booked,G1-CNT1|G1-CNT2|G1-CNT3
P84,Passenger84,F1,84A,Economy,Booked,G1-CNT1|G1-CNT2|G1-CNT3
P85,Passenger85,F1,85A,Economy,Booked,G1-CNT1|G1-CNT2|G1-CNT3
P86,Passenger86,F1,86A,Economy,Booked,G1-CNT1|G1-CNT2|G1-CNT3
P87,Passenger87,F1,87A,Economy,Booked,G1-CNT1|G1-CNT2|G1-CNT3
P88,Passenger88,F1,88A,Economy,Booked,G1-CNT1|G1-CNT2|G1-CNT3
P89,Passenger89,F1,89A,Economy,Booked,G1-CNT1|G1-CNT2|G1-CNT3
P90,Passenger90,F1,90A,Economy,Booked,G1-CNT1|G1-CNT2|G1-CNT3
P91,Passenger91,F1,91A,Economy,Booked,G1-CNT1|G1-CNT2|G1-CNT3
P92,Passenger92,F1,92A,Economy,Booked,G1-CNT1|G1-CNT2|G1-CNT3
P93,Passenger93,F1,93A,Economy,Booked,G1-CNT1|G1-CNT2|G1-CNT3
P94,Passenger94,F1,94A,Economy,Booked,G1-CNT1|G1-CNT2|G1-CNT3
P95,Passenger95,F1,95A,Economy,Booked,G1-CNT1|G1-CNT2|G1-CNT3
P96,Passenger96,F1,96A,Economy,Booked,G1-CNT1|G1-CNT2|G1-CNT3
P97,Passenger97,F1,97A,Economy,Booked,G1-CNT1|G1-CNT2|G1-CNT3
P98,Passenger98,F1,98A,Economy,Booked,G1-CNT1|G1-CNT2|G1-CNT3
P99,Passenger99,F1,99A,Economy,Booked,G1-CNT1|G1-CNT2|G1-CNT3
P100,Passenger100,F1,100A,Economy,Booked,G1-CNT1|G1-CNT2|G1-CNT3
P101,Passenger101,F1,101A,Economy,Booked,G1-CNT1|G1-CNT2|G1-CNT3
P102,Passenger102,F1,102A,Economy,Booked,G1-CNT1|G1-CNT2|G1-CNT3
P103,Passenger103,F1,103A,Economy,Booked,G1-CNT1|G1-CNT2|G1-CNT3
P104,Passenger104,F1,104A,Economy,Booked,G1-CNT1|G1-CNT2|G1-CNT3
P105,Passenger105,F1,105A,Economy,Booked,G1-CNT1|G1-CNT2|G1-CNT3
P106,Passenger106,F1,106A,Economy,Booked,G1-CNT1|G1-CNT2|G1-CNT3
P107,Passenger107,F1,107A,Economy,Booked,G1-CNT1|G1-CNT2|G1-CNT3
P108,Passenger108,F1,108A,Economy,Booked,G1-CNT1|G1-CNT2|G1-CNT3
P109,Passenger109,F1,109A,Economy,Booked,G1-CNT1|G1-CNT2|G1-CNT3
P110,Passenger110,F1,110A,Economy,Booked,G1-CNT1|G1-CNT2|G1-CNT3
P111,Passenger111,F1,111A,Economy,Booked,G1-CNT1|G1-CNT2|G1-CNT3
P112,Passenger112,F1,112A,Economy,Booked,G1-CNT1|G1-CNT2|G1-CNT3
P113,Passenger113,F1,113A,Economy,Booked,G1-CNT1|G1-CNT2|G1-CNT3
P114,Passenger114,F1,114A,Economy,Booked,G1-CNT1|G1-CNT2|G1-CNT3
P115,Passenger115,F1,115A,Economy,Booked,G1-CNT1|G1-CNT2|G1-CNT3
P116,Passenger116,F1,116A,Economy,Booked,G1-CNT1|G1-CNT2|G1-CNT3
P117,Passenger117,F1,117A,Economy,Booked,G1-CNT1|G1-CNT2|G1-CNT3
P118,Passenger118,F1,118A,Economy,Booked,G1-CNT1|G1-CNT2|G1-CNT3
P119,Passenger119,F1,119A,Economy,Booked,G1-CNT1|G1-CNT2|G1-CNT3
P120,Passenger120,F1,120A,Economy,Booked,G1-CNT1|G1-CNT2|G1-CNT3
